Reference Number,Title,Type,Author Lastname,Author Firstname,Date,Category,Summary,Location
R-22-0,Title 4,MEMO,Longo,Josh,2022-04-16,Finance,Summary 0,Location
R-22-1,Title 6,MEMO,Longo,Josh,2022-04-16,Finance,Summary 1,Location
R-22-2,Title 7,MEMO,Longo,Josh,2022-04-16,Finance,Summary 2,Location
R-22-3,Title 15,MEMO,Longo,Josh,2022-04-16,Finance,Summary 3,Location
R-22-4,Title 18,MEMO,Longo,Josh,2022-04-16,Finance,Summary 4,Location
R-22-5,Title 10,MEMO,Longo,Josh,2022-04-16,Finance,Summary 5,Location
R-22-6,Title 11,MEMO,Longo,Josh,2022-04-16,Finance,Summary 6,Location
R-22-7,Title 9,MEMO,Longo,Josh,2022-04-16,Finance,Summary 7,Location
R-22-8,Title 9,MEMO,Longo,Josh,2022-04-16,Finance,Summary 8,Location
R-22-9,Title 15,MEMO,Longo,Josh,2022-04-16,Finance,Summary 9,Location
R-01-12341,Test Report 1,REPORT,Ames,Chris,2022-01-01,Computer Science,asdf,qwer
R-01-12342,Test Report 2,REPORT,Ames,Chris,2022-01-02,Computer Science,asdf,qwer
R-01-12343,Test Report 3,REPORT,Ames,Chris,2022-01-03,Computer Science,asdf,qwer
R-01-12344,Test Report 4,REPORT,Ames,Chris,2022-01-04,Computer Science,asdf,qwer
R-01-12345,Test Report 5,REPORT,Ames,Chris,2022-01-05,Computer Science,asdf,qwer
R-01-12346,Test Report 6,REPORT,Ames,Chris,2022-01-06,Computer Science,asdf,qwer
R-01-12347,Test Report 7,REPORT,Ames,Chris,2022-01-07,Computer Science,asdf,qwer
R-01-12348,Test Report 8,REPORT,Ames,Chris,2022-01-08,Computer Science,asdf,qwer
R-01-12349,Test Report 9,REPORT,Ames,Chris,2022-01-09,Computer Science,asdf,qwer
R-01-12350,Test Report 10,REPORT,Ames,Chris,2022-01-10,Computer Science,asdf,qwer
